{
  "best_global_step": null,
  "best_metric": null,
  "best_model_checkpoint": null,
  "epoch": 0.016329196603527107,
  "eval_steps": 500,
  "global_step": 50,
  "is_hyper_param_search": false,
  "is_local_process_zero": true,
  "is_world_process_zero": true,
  "log_history": [
    {
      "clip_ratio/high_max": 0.00022786458721384405,
      "clip_ratio/high_mean": 0.00022786458721384405,
      "clip_ratio/low_mean": 6.510416860692204e-05,
      "clip_ratio/low_min": 6.510416860692204e-05,
      "clip_ratio/region_mean": 0.0002929687558207661,
      "completion_length": 96.0,
      "completions/clipped_ratio": 1.0,
      "completions/max_length": 96.0,
      "completions/max_terminated_length": 0.0,
      "completions/mean_length": 96.0,
      "completions/mean_terminated_length": 0.0,
      "completions/min_length": 96.0,
      "completions/min_terminated_length": 0.0,
      "epoch": 0.0032658393207054214,
      "frac_reward_zero_std": 0.975,
      "grad_norm": 0.00169072684366256,
      "kl": 0.0021107834957774683,
      "learning_rate": 9.000000000000001e-07,
      "loss": 0.0001,
      "num_tokens": 189228.0,
      "reward": 0.8750812411308289,
      "reward_std": 0.0001500000595115125,
      "rewards/reward_func/mean": 0.8750812411308289,
      "rewards/reward_func/std": 0.12126473179087043,
      "step": 10
    },
    {
      "clip_ratio/high_max": 0.00022786458721384405,
      "clip_ratio/high_mean": 0.00022786458721384405,
      "clip_ratio/low_mean": 0.0,
      "clip_ratio/low_min": 0.0,
      "clip_ratio/region_mean": 0.00022786458721384405,
      "completion_length": 96.0,
      "completions/clipped_ratio": 1.0,
      "completions/max_length": 96.0,
      "completions/max_terminated_length": 0.0,
      "completions/mean_length": 96.0,
      "completions/mean_terminated_length": 0.0,
      "completions/min_length": 96.0,
      "completions/min_terminated_length": 0.0,
      "epoch": 0.006531678641410843,
      "frac_reward_zero_std": 0.9875,
      "grad_norm": 0.001307319151237607,
      "kl": 0.005990588558415766,
      "learning_rate": 1.9000000000000002e-06,
      "loss": 0.0,
      "num_tokens": 380144.0,
      "reward": 0.8765250027179718,
      "reward_std": 7.499977946281433e-05,
      "rewards/reward_func/mean": 0.8765250027179718,
      "rewards/reward_func/std": 0.11765175387263298,
      "step": 20
    },
    {
      "clip_ratio/high_max": 0.00035807291569653896,
      "clip_ratio/high_mean": 0.00035807291569653896,
      "clip_ratio/low_mean": 9.765625291038304e-05,
      "clip_ratio/low_min": 9.765625291038304e-05,
      "clip_ratio/region_mean": 0.00045572916860692203,
      "completion_length": 96.0,
      "completions/clipped_ratio": 1.0,
      "completions/max_length": 96.0,
      "completions/max_terminated_length": 0.0,
      "completions/mean_length": 96.0,
      "completions/mean_terminated_length": 0.0,
      "completions/min_length": 96.0,
      "completions/min_terminated_length": 0.0,
      "epoch": 0.009797517962116264,
      "frac_reward_zero_std": 0.9625,
      "grad_norm": 0.0012019423302263021,
      "kl": 0.002326234875897626,
      "learning_rate": 2.9e-06,
      "loss": 0.0,
      "num_tokens": 569000.0,
      "reward": 0.8704687476158142,
      "reward_std": 0.00022500008344650269,
      "rewards/reward_func/mean": 0.8704687476158142,
      "rewards/reward_func/std": 0.11930573089048266,
      "step": 30
    },
    {
      "clip_ratio/high_max": 0.00013020833721384407,
      "clip_ratio/high_mean": 0.00013020833721384407,
      "clip_ratio/low_mean": 9.765625291038304e-05,
      "clip_ratio/low_min": 9.765625291038304e-05,
      "clip_ratio/region_mean": 0.0002278645901242271,
      "completion_length": 96.0,
      "completions/clipped_ratio": 1.0,
      "completions/max_length": 96.0,
      "completions/max_terminated_length": 0.0,
      "completions/mean_length": 96.0,
      "completions/mean_terminated_length": 0.0,
      "completions/min_length": 96.0,
      "completions/min_terminated_length": 0.0,
      "epoch": 0.013063357282821686,
      "frac_reward_zero_std": 0.975,
      "grad_norm": 0.06816329061985016,
      "kl": 0.0020800311628477175,
      "learning_rate": 3.900000000000001e-06,
      "loss": 0.0001,
      "num_tokens": 757820.0,
      "reward": 0.8715125024318695,
      "reward_std": 0.0001616029883734882,
      "rewards/reward_func/mean": 0.8715125024318695,
      "rewards/reward_func/std": 0.12320317216217518,
      "step": 40
    },
    {
      "clip_ratio/high_max": 0.000260416668606922,
      "clip_ratio/high_mean": 0.000260416668606922,
      "clip_ratio/low_mean": 6.510416860692204e-05,
      "clip_ratio/low_min": 6.510416860692204e-05,
      "clip_ratio/region_mean": 0.0003255208372138441,
      "completion_length": 96.0,
      "completions/clipped_ratio": 1.0,
      "completions/max_length": 96.0,
      "completions/max_terminated_length": 0.0,
      "completions/mean_length": 96.0,
      "completions/mean_terminated_length": 0.0,
      "completions/min_length": 96.0,
      "completions/min_terminated_length": 0.0,
      "epoch": 0.016329196603527107,
      "frac_reward_zero_std": 0.975,
      "grad_norm": 0.001687811454758048,
      "kl": 0.002065211724902838,
      "learning_rate": 4.9000000000000005e-06,
      "loss": 0.0,
      "num_tokens": 949684.0,
      "reward": 0.8829249978065491,
      "reward_std": 0.00015000030398368836,
      "rewards/reward_func/mean": 0.8829249978065491,
      "rewards/reward_func/std": 0.10914362631738186,
      "step": 50
    }
  ],
  "logging_steps": 10,
  "max_steps": 500,
  "num_input_tokens_seen": 949684,
  "num_train_epochs": 1,
  "save_steps": 50,
  "stateful_callbacks": {
    "TrainerControl": {
      "args": {
        "should_epoch_stop": false,
        "should_evaluate": false,
        "should_log": false,
        "should_save": true,
        "should_training_stop": false
      },
      "attributes": {}
    }
  },
  "total_flos": 0.0,
  "train_batch_size": 1,
  "trial_name": null,
  "trial_params": null
}
